"3,4-Methylenedioxymethamphetamine"
3-Methylfentanyl
4-Methoxyamphetamine
Abacavir
Abarelix
Abatacept
Abiraterone
Acamprosate
Acarbose
Acebutolol
Aceclofenac
Acepromazine
Aceprometazine
Acetazolamide
AcetohydroxamicAcid
Acetophenazine
Acetyldigitoxin
Acetylsalicylicacid
Aciclovir
Aclidinium
Adapalene
Ademetionine
Adenosine
Adinazolam
Adipiplon
Agmatine
Agomelatine
Ajmaline
Albiglutide
Alcaftadine
Alclofenac
Alectinib
Alefacept
Aleglitazar
Alfentanil
Alimemazine
Alirocumab
Aliskiren
Almitrine
Almotriptan
Alosetron
Alprazolam
Alprostadil
Alvimopan
Amantadine
Amdinocillin
Amifostine
Amiloride
AminocaproicAcid
Aminoglutethimide
Aminophylline
AminosalicylicAcid
Amiodarone
Amisulpride
Amitriptyline
Amlexanox
Amoxapine
Amoxicillin
Amphetamine
AmylNitrite
Anagrelide
Anastrozole
Anidulafungin
Anisindione
Antipyrine
Antrafenine
Apremilast
Aprepitant
ArbaclofenPlacarbil
Arbutamine
Aripiprazole
Armodafinil
Arsenictrioxide
Artesunate
Asenapine
AsfotaseAlfa
Astemizole
Atazanavir
Atenolol
Atomoxetine
Atorvastatin
Atovaquone
Atropine
Avibactam
Azathioprine
Azilsartanmedoxomil
Bacitracin
Baclofen
Balsalazide
Barbital
Bazedoxifene
Beclomethasonedipropionate
Bedaquiline
Belinostat
Benzathinebenzylpenicillin
Benzatropine
Benzonatate
Benzylpenicillin
Bepridil
Betahistine
Betaxolol
Bexarotene
Bifonazole
Biperiden
Blinatumomab
Boceprevir
Boldenone
Bortezomib
Brentuximabvedotin
Brexpiprazole
Brimonidine
Bromazepam
Bromfenac
Bromocriptine
Bromodiphenhydramine
Buclizine
Bumetanide
Bupivacaine
Bupropion
Buspirone
Butalbital
Butethal
Butorphanol
Cabazitaxel
Caffeine
Canagliflozin
Candesartan
Cangrelor
Carbamazepine
Carbetocin
Carbinoxamine
CarboprostTromethamine
CarglumicAcid
Cariprazine
Carphenazine
Carprofen
Caspofungin
Cefaclor
Cefadroxil
Cefalotin
Cefazolin
Cefdinir
Cefditoren
Cefepime
Ceforanide
Cefotetan
Cefradine
Ceftizoxime
Ceftolozane
Ceftriaxone
Celecoxib
Cephalexin
Ceritinib
Cerivastatin
Cerliponasealfa
Cetirizine
Cevimeline
Chlordiazepoxide
Chlormezanone
Chloroprocaine
Chloropyramine
Chlorphenamine
Chlorpromazine
Chlorpropamide
Chlorprothixene
Chlorthalidone
Cholinemagnesiumtrisalicylate
ChorionicGonadotropin(Human)
Ciclesonide
Ciclopirox
Cidofovir
Cilastatin
Cilazapril
Cilomilast
Cimetidine
Cinacalcet
Cinnarizine
Cinolazepam
Ciprofloxacin
Citalopram
Clarithromycin
Clenbuterol
Clobetasone
Clocortolone
Clomipramine
Clopidogrel
Clorazepate
Clotiazepam
Clotrimazole
Clozapine
Cobimetinib
Cocaine
Colchicine
Conestatalfa
Conjugatedestrogens
Crisaborole
Crizotinib
Crofelemer
CTS-21166
Cyclizine
Cyclobenzaprine
Cyclosporine
Cycrimine
Cyproheptadine
Dabigatranetexilate
Dalfampridine
Dalteparin
Danazol
Dapiprazole
Dapsone
Daratumumab
Darifenacin
Darunavir
Dasabuvir
Dasatinib
Debrisoquin
Degarelix
Delafloxacin
Demecarium
Demeclocycline
Dequalinium
Deramciclane
Deserpidine
Desipramine
Desonide
Desoximetasone
Desvenlafaxine
Dexamethasone
Dexfenfluramine
Dexibuprofen
Dexlansoprazole
Dexpanthenol
Dexrazoxane
Dextromethorphan
Dextropropoxyphene
Dezocine
Diazepam
Diclofenac
Dicloxacillin
Dicyclomine
Dienogest
Diethylcarbamazine
Diethylpropion
Diethylstilbestrol
Diflunisal
Difluprednate
Dihydrotachysterol
Dimenhydrinate
Dimethylthiambutene
Dimetindene
Dinoprostone
Dinutuximab
Diosmin
Diphenhydramine
Diphenoxylate
Dipivefrin
Dipyridamole
Disopyramide
Docetaxel
Docosanol
Dofetilide
Dolasetron
Dolutegravir
Donepezil
Dopamine
Doripenem
Dosulepin
Doxacuriumchloride
Doxapram
Doxazosin
Doxepin
Doxylamine
Dronabinol
Droperidol
Drotaverine
Droxidopa
Dulaglutide
Duloxetine
Durvalumab
Econazole
Edoxaban
Edrophonium
Efavirenz
Efinaconazole
Eflornithine
Eletriptan
EllagicAcid
Elotuzumab
Eltrombopag
Elvitegravir
Emedastine
Emtricitabine
Enalaprilat
Enasidenib
Encainide
Eniluracil
Enoxacin
Enoximone
Entacapone
Ephedra
Epinephrine
Eprosartan
Ergocalciferol
Ergotamine
Erlotinib
Ertapenem
Escitalopram
Esculin
Eslicarbazepineacetate
Esmirtazapine
Esmolol
Esomeprazole
Estazolam
Estriol
Eszopiclone
Etelcalcetide
Eteplirsen
Ethambutol
Ethanol
Ethchlorvynol
Ethionamide
Ethopropazine
Ethotoin
Ethylmorphine
Ethynodioldiacetate
Etidronicacid
Etizolam
Etodolac
Etoposide
Etoricoxib
Etorphine
Eugenol
Everolimus
Exenatide
Famciclovir
Febuxostat
Felbamate
Fencamfamine
Fenoldopam
Fentanyl
Fexofenadine
Fidaxomicin
Finasteride
Flavoxate
Flecainide
Flibanserin
Florbetapir(18F)
Fluconazole
Fludiazepam
Flumazenil
Flunitrazepam
Fluoxetine
Flupentixol
Fluphenazine
Flurazepam
Flurbiprofen
Fluspirilene
Flutemetamol(18F)
Fluticasonefuroate
Fluticasonepropionate
Fluvastatin
Fluvoxamine
Fondaparinuxsodium
Formebolone
Fosamprenavir
Fospropofol
Frovatriptan
Fulvestrant
Gabapentin
GallamineTriethiodide
Galliumnitrate
GammaHydroxybutyricAcid
Ganirelix
Gatifloxacin
Gemfibrozil
Gemifloxacin
Gemtuzumabozogamicin
Genistein
Gliquidone
Glucosamine
Glyburide
Granisetron
Grazoprevir
Grepafloxacin
Griseofulvin
Guanfacine
GW-501516
Halazepam
Haloperidol
Halothane
Heparin
Heroin
Hexocyclium
Histrelin
Homosalate
HumanC1-esteraseinhibitor
Hyaluronidase(HumanRecombinant)
Hydralazine
Hydroxyprogesteronecaproate
Ibrutinib
Ibuprofen
Ibutilide
Icatibant
Icotinib
Iloperidone
Imatinib
Imipramine
Imiquimod
Indacaterol
Indapamide
Indinavir
Indoramin
IngenolMebutate
Inositolnicotinate
Inotuzumabozogamicin
InsulinDegludec
InsulinGlargine
InsulinLispro
Interferonbeta-1b
Interferongamma-1b
Isocarboxazid
Isometheptene
Isopropamide
IsosorbideMononitrate
Isradipine
Itraconazole
Ivacaftor
Ivermectin
Ixabepilone
Ketazolam
Ketorolac
Ketotifen
Lamotrigine
Lanreotide
Lansoprazole
Lapatinib
Lasofoxifene
Latanoprost
Ledipasvir
Leflunomide
Lenograstim
Lepirudin
Letrozole
Levallorphan
Levamisole
Levobetaxolol
Levobunolol
Levobupivacaine
Levocetirizine
Levofloxacin
LevomethadylAcetate
Levomilnacipran
Lifitegrast
Limaprost
Linaclotide
Linagliptin
Lisdexamfetamine
Lisuride
Lithium
Lobeglitazone
Lofexidine
Lomefloxacin
Loperamide
Lopinavir
Loratadine
Lorazepam
Lornoxicam
Lovastatin
Loxapine
L-Tryptophan
Lubiprostone
Lumacaftor
Lumiracoxib
Lurasidone
Lutropinalfa
LysergicAcidDiethylamide
Magnesiumsalicylate
Maprotiline
Maraviroc
Mebendazole
Medrysone
Megestrolacetate
Melatonin
Meloxicam
Memantine
Menotropins
Menthol
Mephenytoin
Mepivacaine
Meprobamate
Mesalazine
Mesoridazine
Metformin
Methacholine
Methadone
MethadylAcetate
Methamphetamine
Methocarbamol
Methotrimeprazine
Methoxyflurane
Methyleneblue
Methylnaltrexone
Methyltestosterone
Metolazone
Metreleptin
Metyrapone
Mezlocillin
Mianserin
Mibefradil
Micafungin
Miconazole
Midazolam
Midostaurin
Mifepristone
Miglitol
Miglustat
Milnacipran
Minaprine
Minoxidil
Mirabegron
Mirtazapine
Mitiglinide
Mitotane
MMDA
Moclobemide
Modafinil
Molindone
Monobenzone
Montelukast
Moxifloxacin
Moxonidine
Mycophenolatemofetil
Mycophenolicacid
Nabilone
Nabumetone
Nafamostat
Nafarelin
Naltrexone
Nandrolonedecanoate
Nandrolonephenpropionate
Naphazoline
Naproxen
Naratriptan
Nebivolol
Necitumumab
Nefazodone
Nelfinavir
Neostigmine
Neratinib
Nesiritide
Netupitant
Nicorandil
Nicotine
Nilutamide
Nimesulide
Nimodipine
Nisoldipine
Nitazoxanide
Nitrazepam
Nitrofurantoin
Nivolumab
Nizatidine
Norelgestromin
Norfloxacin
Nortriptyline
Obeticholicacid
Obinutuzumab
Odanacatib
Ofloxacin
Olodaterol
Olsalazine
Omacetaxinemepesuccinate
Omega-3fattyacids
Omeprazole
Ondansetron
Orciprenaline
Orlistat
Orphenadrine
Oseltamivir
Osimertinib
Oxacillin
Oxaprozin
Oxazepam
Oxiconazole
Oxprenolol
Oxybenzone
Oxygen
Oxymetazoline
Oxymorphone
Oxyphencyclimine
Oxyphenonium
Palbociclib
Paliperidone
Palonosetron
Panobinostat
Pantoprazole
Papaverine
Parathyroidhormone
Parecoxib
Paroxetine
Pazopanib
Pefloxacin
Pegademasebovine
Peginesatide
Peginterferonalfa-2a
Peginterferonalfa-2b
Pegloticase
Pegvisomant
Pemetrexed
Penbutolol
Penciclovir
Pentazocine
Pentobarbital
Pentostatin
Pentoxifylline
Pergolide
Perospirone
Perphenazine
Pethidine
Phencyclidine
Phendimetrazine
Phenelzine
Phenformin
Pheniramine
Phenmetrazine
Phenobarbital
Phenoxymethylpenicillin
Phenserine
Phentermine
Phentolamine
Phenylbutazone
Phenylpropanolamine
Phenytoin
Physostigmine
Pimavanserin
Pimecrolimus
Pimozide
Pinaverium
Pioglitazone
Piperacillin
Piperazine
Pitavastatin
Pivampicillin
Plecanatide
Plerixafor
Podofilox
Porfimersodium
Posaconazole
Pralatrexate
Pralidoxime
Pramipexole
Pravastatin
Prazepam
Prednicarbate
Prednisolone
Prednisone
Pregabalin
Prilocaine
Probenecid
Probucol
Prochlorperazine
Procyclidine
Progabide
Proguanil
Promazine
Propafenone
Propantheline
Proparacaine
Propylhexedrine
Propylthiouracil
Protriptyline
Prucalopride
Quazepam
Quetiapine
Quinagolide
Quinidine
Rabeprazole
Raclopride
Raloxifene
Raltegravir
Raltitrexed
Ramucirumab
Ranitidine
Rasagiline
Reboxetine
Remifentanil
Remoxipride
Repaglinide
Rescinnamine
Reserpine
Retapamulin
Ribavirin
Ribociclib
Ridogrel
Rifabutin
Rifampicin
Rifapentine
Rifaximin
Rilpivirine
Rimantadine
Rimonabant
Risedronate
Risperidone
Ritanserin
Ritonavir
Rivaroxaban
Rizatriptan
Rocuronium
Rofecoxib
Romidepsin
Ropinirole
Ropivacaine
Rosiglitazone
Rosoxacin
Rosuvastatin
Rotigotine
Roxatidineacetate
Rufinamide
Ruxolitinib
Salbutamol
Salmeterol
SalmonCalcitonin
Saquinavir
Saxagliptin
Secobarbital
Secretin
Secukinumab
Selegiline
Seletracetam
Selexipag
Sertindole
Sertraline
Sevelamer
Sibutramine
Sildenafil
Simeprevir
Simvastatin
Sipuleucel-T
Sirolimus
Sitagliptin
Sodiumferricgluconatecomplex
Solabegron
Sorafenib
Sotalol
Soybeanoil
Spiramycin
Spirapril
Stiripentol
Succinylcholine
Sufentanil
Sulbactam
Sulfadoxine
Sulfamerazine
Sulfamethazine
Sulfamethoxazole
Sulfasalazine
Sulfathiazole
Sulfinpyrazone
Sulfisoxazole
Sulfoxone
Sulodexide
Sulpiride
Sumatriptan
Suramin
Suvorexant
"SyntheticConjugatedEstrogens,A"
"SyntheticConjugatedEstrogens,B"
Tacrine
Tacrolimus
Tadalafil
Tafluprost
Talbutal
Tamibarotene
Tamoxifen
Tamsulosin
Tapentadol
Tasimelteon
Tasosartan
Tazarotene
Teduglutide
Tegaserod
Telaprevir
Temafloxacin
Temazepam
Temsirolimus
Teniposide
Tenocyclidine
Tenofovirdisoproxil
Terazosin
Terbinafine
Terbutaline
Terconazole
Terfenadine
Teriparatide
Terlipressin
Tesamorelin
Tesmilifene
Testolactone
Tetrabenazine
Tetrahydropalmatine
Tetryzoline
Thiabendazole
Thiethylperazine
Thiopental
Thioridazine
Thiothixene
Tiapride
Tiaprofenicacid
Tibolone
Ticagrelor
Ticlopidine
Tinzaparin
Tioconazole
Tiotropium
Tizanidine
Tofacitinib
Tofisopam
Tolazamide
Tolbutamide
Tolcapone
Tolterodine
Topiramate
Toremifene
Tramadol
Trandolapril
TranexamicAcid
Tranylcypromine
Trastuzumabemtansine
Trazodone
Triazolam
Tridihexethyl
Trifluoperazine
Triflupromazine
Trihexyphenidyl
Trimebutine
Trimetazidine
Trimethadione
Trimethoprim
Trimetrexate
Trimipramine
Triptorelin
Troglitazone
Tropisetron
Ulobetasol
Umeclidinium
Ursodeoxycholicacid
Ustekinumab
Valaciclovir
Valdecoxib
ValproicAcid
Valsartan
Vandetanib
Varenicline
Vecuronium
Vedolizumab
Venetoclax
Venlafaxine
Verapamil
Vernakalant
Vilazodone
Vildagliptin
Viloxazine
Vinblastine
Vincristine
Vindesine
Vinorelbine
Voglibose
Voriconazole
Vorinostat
Warfarin
Ximelagatran
Xylometazoline
Yohimbine
Zalcitabine
Zaleplon
Zanamivir
Zileuton
Zinc
Ziprasidone
Zoledronicacid
Zonisamide
Zuclopenthixol
