3,4-Methylenedioxymethamphetamine
3,4-Methylenedioxymethamphetamine
"3,4-Methylenedioxymethamphetamine",Risperidone
"3,4-Methylenedioxymethamphetamine",Agomelatine
"3,4-Methylenedioxymethamphetamine",Benzatropine
"3,4-Methylenedioxymethamphetamine",Flibanserin
"3,4-Methylenedioxymethamphetamine",Fluspirilene
"3,4-Methylenedioxymethamphetamine",Phendimetrazine
"3,4-Methylenedioxymethamphetamine",Tapentadol
"3,4-Methylenedioxymethamphetamine",Thiothixene
"3,4-Methylenedioxymethamphetamine",Paliperidone
"3,4-Methylenedioxymethamphetamine",Yohimbine
Aceprometazine,Amoxapine
Aceprometazine,Aripiprazole
Aclidinium,Citalopram
Aclidinium,Flupentixol
Alcaftadine,Amoxapine
Alcaftadine,Aripiprazole
Alimemazine,Amoxapine
Alimemazine,Aripiprazole
Alosetron,Amoxapine
Alosetron,Aripiprazole
Alprazolam,Amoxapine
Amoxapine,Armodafinil
Amoxapine,Bromodiphenhydramine
Amoxapine,Buclizine
Amoxapine,Carbinoxamine
Amoxapine,Cetirizine
Amoxapine,Chlordiazepoxide
Amoxapine,Chloropyramine
Amoxapine,Cyclobenzaprine
Amoxapine,Cycrimine
Amoxapine,Debrisoquin
Amoxapine,Dicyclomine
Amoxapine,Dimenhydrinate
Amoxapine,Dipivefrin
Amoxapine,Dolasetron
Amoxapine,Emedastine
Amoxapine,Ethchlorvynol
Amoxapine,Fencamfamine
Amoxapine,Fexofenadine
Amoxapine,Flumazenil
Amoxapine,Fluvoxamine
Amoxapine,Granisetron
Amoxapine,Indoramin
Amoxapine,Levocetirizine
Amoxapine,Lofexidine
Amoxapine,Loratadine
Amoxapine,LysergicAcidDiethylamide
Amoxapine,Naratriptan
Amoxapine,Oxyphenonium
Amoxapine,Palonosetron
Amoxapine,Penbutolol
Amoxapine,Pheniramine
Amoxapine,Phentolamine
Amoxapine,Pimavanserin
Amoxapine,Pimozide
Amoxapine,Prochlorperazine
Amoxapine,Propantheline
Amoxapine,Raclopride
Amoxapine,Reboxetine
Amoxapine,Ritanserin
Amoxapine,Sulpiride
Amoxapine,Sumatriptan
Amoxapine,Tetryzoline
Amoxapine,Tramadol
Amoxapine,Tropisetron
Amoxapine,Vilazodone
Amoxapine,Viloxazine
Amoxapine,Zaleplon
Amphetamine,Dopamine
Aripiprazole,Bromodiphenhydramine
Aripiprazole,Buclizine
Aripiprazole,Carbinoxamine
Aripiprazole,Cetirizine
Aripiprazole,Chloropyramine
Aripiprazole,Cyclobenzaprine
Aripiprazole,Cycrimine
Aripiprazole,Dexpanthenol
Aripiprazole,Dicyclomine
Aripiprazole,Dimenhydrinate
Aripiprazole,Dipivefrin
Aripiprazole,Dolasetron
Aripiprazole,Emedastine
Aripiprazole,Fexofenadine
Aripiprazole,Granisetron
Aripiprazole,Indoramin
Aripiprazole,Levocetirizine
Aripiprazole,Lofexidine
Aripiprazole,Loratadine
Aripiprazole,LysergicAcidDiethylamide
Aripiprazole,Methacholine
Aripiprazole,Oxyphenonium
Aripiprazole,Palonosetron
Aripiprazole,Penbutolol
Aripiprazole,Pheniramine
Aripiprazole,Pimavanserin
Aripiprazole,Pimozide
Aripiprazole,Prochlorperazine
Aripiprazole,Propantheline
Aripiprazole,Raclopride
Aripiprazole,Ritanserin
Aripiprazole,Sulpiride
Aripiprazole,Tetryzoline
Aripiprazole,Tropisetron
Aripiprazole,Vilazodone
Asenapine,Clenbuterol
Asenapine,Ondansetron
Asenapine,Trifluoperazine
Brexpiprazole,Fenoldopam
Brexpiprazole,Memantine
Brexpiprazole,Ondansetron
Brexpiprazole,Trifluoperazine
Brexpiprazole,Triflupromazine
Citalopram,Darifenacin
Citalopram,Phentermine
Citalopram,Sertindole
Citalopram,Succinylcholine
Citalopram,Tolterodine
Citalopram,Trifluoperazine
Citalopram,Triflupromazine
Citalopram,Trihexyphenidyl
Citalopram,Umeclidinium
Darifenacin,Flupentixol
Etorphine,Ondansetron
Fenoldopam,Flupentixol
Fenoldopam,Lurasidone
Fenoldopam,Triflupromazine
Flupentixol,Memantine
Flupentixol,Succinylcholine
Flupentixol,Tolterodine
Flupentixol,Trihexyphenidyl
Flupentixol,Umeclidinium
Ibutilide,Nimodipine
Lurasidone,Memantine
Lurasidone,Ondansetron
Lurasidone,Trifluoperazine
Lurasidone,Triflupromazine
Memantine,Ondansetron
Memantine,Remoxipride
Memantine,Sertindole
Memantine,Trifluoperazine
Memantine,Triflupromazine
Methadone,Succinylcholine
Nortriptyline,Phentermine
Nortriptyline,Remoxipride
Nortriptyline,Trifluoperazine
Remoxipride,Trifluoperazine
Remoxipride,Triflupromazine
Sertindole,Trifluoperazine
Sertindole,Triflupromazine
Trifluoperazine,Triflupromazine
Bupropion,Loxapine
Droxidopa,Iloperidone
Fluoxetine,Loxapine
Fluphenazine,Loxapine
Fluspirilene,Loxapine
Iloperidone,Nefazodone
Loxapine,Milnacipran
Loxapine,Perphenazine
Loxapine,Phenylpropanolamine
Loxapine,Rizatriptan
Loxapine,Rocuronium
Loxapine,Tamsulosin
Loxapine,Tegaserod
Methamphetamine,Tramadol
Bromocriptine,Ephedra
Ephedra,Pergolide
Maprotiline,Pergolide
4-Methoxyamphetamine,Ergotamine
4-Methoxyamphetamine,Risperidone
Chlorpromazine,Cinnarizine
Chlorpromazine,Terfenadine
Cinnarizine,Promazine
Cinnarizine,Risperidone
Cocaine,Promazine
Eletriptan,Risperidone
Quinidine,Risperidone
Amphetamine,Doxepin
Asenapine,Methamphetamine
Epinephrine,Nortriptyline
4-Methoxyamphetamine,Amitriptyline
Amitriptyline,Quinidine
Acamprosate,Methoxyflurane
Acamprosate,Topiramate
Acepromazine,Dipivefrin
Acepromazine,Naratriptan
Acepromazine,Penbutolol
Acepromazine,Pimozide
Acepromazine,Sulpiride
Acepromazine,Sumatriptan
Acetophenazine,Lisuride
Agomelatine,Minaprine
Almotriptan,Lisuride
Amantadine,Minaprine
Amdinocillin,Ceftizoxime
AminocaproicAcid,Dexibuprofen
Amiodarone,Doxazosin
Amiodarone,Terazosin
Amiodarone,Thioridazine
Amisulpride,Clomipramine
Amisulpride,Cyproheptadine
Astemizole,Chlorprothixene
Astemizole,Dosulepin
Astemizole,Verapamil
Atropine,Ethanol
Atropine,Molindone
Balsalazide,Troglitazone
Benzatropine,Minaprine
Benzatropine,MMDA
Benzatropine,Paroxetine
Betahistine,Chlorprothixene
Betahistine,Dosulepin
Biperiden,Chlorprothixene
Biperiden,Dosulepin
Bupropion,Paroxetine
Buspirone,Chlorprothixene
Buspirone,Dosulepin
Cariprazine,Chlorphenamine
Cariprazine,Naratriptan
Cariprazine,Penbutolol
Cariprazine,Sumatriptan
Cefadroxil,Cefazolin
Cefadroxil,Ertapenem
Celecoxib,Mesalazine
Chlorphenamine,Cyproheptadine
Chlorphenamine,Perospirone
Chlorphenamine,Tiapride
Chlorprothixene,Cyclizine
Chlorprothixene,Dexfenfluramine
Chlorprothixene,Donepezil
Chlorprothixene,Doxacuriumchloride
Chlorprothixene,Droperidol
Chlorprothixene,Ethopropazine
Chlorprothixene,Ketotifen
Chlorprothixene,Quinagolide
Chlorprothixene,Tesmilifene
Chlorprothixene,Tetrabenazine
Clomipramine,Molindone
Clotrimazole,Phenobarbital
Cyclizine,Dosulepin
Danazol,Diethylstilbestrol
Danazol,Fluticasonepropionate
Dapiprazole,Verapamil
Deramciclane,Dosulepin
Dexfenfluramine,Dosulepin
Dexfenfluramine,Lisuride
Dexibuprofen,Omega-3fattyacids
Dexibuprofen,Valdecoxib
Diclofenac,Flecainide
Diclofenac,Valdecoxib
Diethylpropion,Dosulepin
Diethylstilbestrol,Melatonin
Dipivefrin,Doxazosin
Dipivefrin,Escitalopram
Dipivefrin,Terazosin
Dipivefrin,Thioridazine
Donepezil,Dosulepin
Donepezil,Lisuride
Dosulepin,Doxacuriumchloride
Dosulepin,Ethopropazine
Dosulepin,Ketotifen
Dosulepin,Mesoridazine
Dosulepin,Phenmetrazine
Dosulepin,Sertraline
Dosulepin,Sibutramine
Dosulepin,Tesmilifene
Doxazosin,Pimozide
Doxazosin,Vernakalant
Droperidol,Lisuride
Droperidol,Verapamil
Drotaverine,Verapamil
Duloxetine,Minaprine
Escitalopram,Hexocyclium
Escitalopram,Molindone
Escitalopram,Phentolamine
Escitalopram,Procyclidine
Eszopiclone,Ethanol
Ethanol,Ketazolam
Ethanol,Phenobarbital
Etidronicacid,Galliumnitrate
Etizolam,Ketazolam
Etizolam,Phenobarbital
Flibanserin,Minaprine
Flibanserin,MMDA
Flibanserin,Paroxetine
Fludiazepam,GammaHydroxybutyricAcid
Fludiazepam,Progabide
Flumazenil,Ketazolam
Flumazenil,Phenobarbital
Fluoxetine,MMDA
Fluoxetine,Paroxetine
Fluspirilene,MMDA
Fluspirilene,Paroxetine
Fospropofol,Halazepam
Frovatriptan,Lisuride
Gabapentin,Pentoxifylline
GallamineTriethiodide,Paroxetine
GammaHydroxybutyricAcid,Halazepam
Halazepam,Ivermectin
Halazepam,Progabide
Isometheptene,Verapamil
LevomethadylAcetate,Pethidine
Lisuride,Moxonidine
Lisuride,Naphazoline
Lisuride,Quinagolide
Lisuride,Tetrabenazine
Lisuride,Tetrahydropalmatine
Loperamide,Menthol
Loperamide,Pimozide
Melatonin,Pimozide
Methoxyflurane,Stiripentol
Milnacipran,Minaprine
Minaprine,Oxyphencyclimine
Minaprine,Phenylpropanolamine
Minaprine,Tiotropium
Minaprine,Tridihexethyl
MMDA,Phendimetrazine
MMDA,Tapentadol
MMDA,Tegaserod
MMDA,Thiothixene
Molindone,Tiapride
Molindone,Trazodone
Naphazoline,Verapamil
Naratriptan,Perospirone
Naratriptan,Trazodone
Omega-3fattyacids,Sulfasalazine
Paroxetine,Phendimetrazine
Paroxetine,Rocuronium
Paroxetine,Tapentadol
Paroxetine,Tegaserod
Paroxetine,Thiothixene
Penbutolol,Perospirone
Penbutolol,Trazodone
Pentoxifylline,Tofisopam
Perospirone,Pimozide
Perospirone,Sulpiride
Perospirone,Sumatriptan
Pethidine,Trimebutine
Phenobarbital,Sulfinpyrazone
Pimozide,Terazosin
Seletracetam,Verapamil
Stiripentol,Topiramate
Sulfasalazine,Valdecoxib
Sulpiride,Thioridazine
Sumatriptan,Trazodone
Terazosin,Vernakalant
Thioridazine,Vernakalant
Tizanidine,Trazodone
Fenoldopam,Mirtazapine
Memantine,Mirtazapine
Methotrimeprazine,Trifluoperazine
Mirtazapine,Trifluoperazine
Mirtazapine,Triflupromazine
Amitriptyline,Benzatropine
Amitriptyline,Duloxetine
Amitriptyline,Flibanserin
Amitriptyline,Fluoxetine
Amitriptyline,Milnacipran
Amitriptyline,Rizatriptan
Amitriptyline,Tegaserod
Methamphetamine,Methotrimeprazine
Aceprometazine,Clozapine
Aceprometazine,Ziprasidone
Alcaftadine,Clozapine
Alcaftadine,Ziprasidone
Alimemazine,Clozapine
Alimemazine,Ziprasidone
Bromodiphenhydramine,Clozapine
Bromodiphenhydramine,Ziprasidone
Buclizine,Clozapine
Buclizine,Ziprasidone
Carbinoxamine,Clozapine
Carbinoxamine,Ziprasidone
Cetirizine,Clozapine
Cetirizine,Ziprasidone
Chloropyramine,Clozapine
Chloropyramine,Ziprasidone
Clozapine,Cyclobenzaprine
Clozapine,Cycrimine
Clozapine,Dexpanthenol
Clozapine,Dicyclomine
Clozapine,Dimenhydrinate
Clozapine,Dipivefrin
Clozapine,Emedastine
Clozapine,Fexofenadine
Clozapine,Indoramin
Clozapine,Levocetirizine
Clozapine,Lofexidine
Clozapine,Loratadine
Clozapine,LysergicAcidDiethylamide
Clozapine,Methacholine
Clozapine,Naratriptan
Clozapine,Oxyphenonium
Clozapine,Penbutolol
Clozapine,Pheniramine
Clozapine,Pimavanserin
Clozapine,Pimozide
Clozapine,Prochlorperazine
Clozapine,Propantheline
Clozapine,Raclopride
Clozapine,Ritanserin
Clozapine,Sulpiride
Clozapine,Sumatriptan
Clozapine,Tetryzoline
Clozapine,Vilazodone
Cyclobenzaprine,Ziprasidone
Cycrimine,Ziprasidone
Dexpanthenol,Ziprasidone
Dicyclomine,Ziprasidone
Dimenhydrinate,Ziprasidone
Dipivefrin,Ziprasidone
Emedastine,Ziprasidone
Fexofenadine,Ziprasidone
Indoramin,Ziprasidone
Levocetirizine,Ziprasidone
Lofexidine,Ziprasidone
Loratadine,Ziprasidone
LysergicAcidDiethylamide,Ziprasidone
Methacholine,Ziprasidone
Oxyphenonium,Ziprasidone
Penbutolol,Ziprasidone
Pheniramine,Ziprasidone
Pimavanserin,Ziprasidone
Pimozide,Ziprasidone
Prochlorperazine,Ziprasidone
Propantheline,Ziprasidone
Raclopride,Ziprasidone
Ritanserin,Ziprasidone
Sulpiride,Ziprasidone
Tetryzoline,Ziprasidone
Vilazodone,Ziprasidone
Cinnarizine,Maprotiline
Ephedra,Phenelzine
Maprotiline,Orphenadrine
Amphetamine,Tramadol
Citalopram,Mianserin
Dextromethorphan,Phenobarbital
Dopamine,Nefazodone
Fenoldopam,Mianserin
Fenoldopam,Trimipramine
Flecainide,Zonisamide
Flupentixol,Mianserin
Imatinib,Sorafenib
Memantine,Trimipramine
Mianserin,Triflupromazine
Ondansetron,Trimipramine
Remoxipride,Trimipramine
Trifluoperazine,Trimipramine
Valdecoxib,Zonisamide
Aceprometazine,Doxepin
Acetophenazine,Paliperidone
Acetophenazine,Yohimbine
Alcaftadine,Doxepin
Alimemazine,Doxepin
Almotriptan,Paliperidone
Amisulpride,Doxepin
Astemizole,Iloperidone
Astemizole,Paliperidone
Betahistine,Iloperidone
Betahistine,Paliperidone
Biperiden,Nicotine
Bromodiphenhydramine,Doxepin
Buclizine,Doxepin
Buspirone,Paliperidone
Butalbital,Clorazepate
Butalbital,Lorazepam
Butalbital,Methoxyflurane
Butalbital,Progabide
Butalbital,Topiramate
Carbinoxamine,Doxepin
Cetirizine,Doxepin
Chloropyramine,Doxepin
Cimetidine,Doxepin
Clorazepate,Talbutal
Cyclizine,Iloperidone
Cyclizine,Paliperidone
Cyclobenzaprine,Doxepin
Cycrimine,Doxepin
Dapiprazole,Paliperidone
Debrisoquin,Doxepin
Deramciclane,Iloperidone
Dexfenfluramine,Methamphetamine
Dexfenfluramine,Paliperidone
Dexfenfluramine,Yohimbine
Dexpanthenol,Doxepin
Dicyclomine,Doxepin
Dimenhydrinate,Doxepin
Dimetindene,Iloperidone
Dimetindene,Paliperidone
Diphenhydramine,Iloperidone
Diphenhydramine,Paliperidone
Dipivefrin,Doxepin
Donepezil,Iloperidone
Donepezil,Paliperidone
Donepezil,Yohimbine
Doxacuriumchloride,Nicotine
Doxepin,Emedastine
Doxepin,Fexofenadine
Doxepin,Fluvoxamine
Doxepin,Indoramin
Doxepin,Levocetirizine
Doxepin,Lofexidine
Doxepin,Loratadine
Doxepin,LysergicAcidDiethylamide
Doxepin,Methacholine
Doxepin,Nizatidine
Doxepin,Oxyphenonium
Doxepin,Pheniramine
Doxepin,Pimavanserin
Doxepin,Prochlorperazine
Doxepin,Propantheline
Doxepin,Raclopride
Doxepin,Ranitidine
Doxepin,Reboxetine
Doxepin,Ritanserin
Doxepin,Roxatidineacetate
Doxepin,Tetryzoline
Doxepin,Vilazodone
Doxepin,Viloxazine
Doxylamine,Iloperidone
Doxylamine,Paliperidone
Droperidol,Epinephrine
Droperidol,Yohimbine
Drotaverine,Mibefradil
Epinephrine,Isometheptene
Epinephrine,Lisdexamfetamine
Epinephrine,Modafinil
Epinephrine,Moxonidine
Frovatriptan,Paliperidone
Iloperidone,Isometheptene
Iloperidone,Ketotifen
Iloperidone,Naphazoline
Iloperidone,Quinagolide
Iloperidone,Tesmilifene
Iloperidone,Tetrabenazine
Isometheptene,Methamphetamine
Ketotifen,Paliperidone
Lisdexamfetamine,Methamphetamine
Lisdexamfetamine,Paliperidone
Lorazepam,Talbutal
Loxapine,Tiapride
Mesoridazine,Paliperidone
Methamphetamine,Minaprine
Methamphetamine,Modafinil
Methamphetamine,Moxonidine
Methamphetamine,Naphazoline
Methamphetamine,Paroxetine
Methamphetamine,Rasagiline
Methamphetamine,Tetrabenazine
Methoxyflurane,Talbutal
Modafinil,Paliperidone
Moxonidine,Paliperidone
Moxonidine,Yohimbine
Naphazoline,Paliperidone
Naphazoline,Yohimbine
Paliperidone,Tesmilifene
Paliperidone,Tetrahydropalmatine
Progabide,Secobarbital
Progabide,Talbutal
Progabide,Thiopental
Quinagolide,Yohimbine
Talbutal,Topiramate
Tetrabenazine,Yohimbine
Tetrahydropalmatine,Yohimbine
Amitriptyline,Epinephrine
Bromocriptine,Citalopram
Bromocriptine,Ondansetron
Bromocriptine,Trifluoperazine
Bromocriptine,Triflupromazine
Citalopram,Pergolide
Clenbuterol,Desipramine
Desipramine,Phentermine
Desipramine,Remoxipride
Ondansetron,Pergolide
Pergolide,Trifluoperazine
4-Methoxyamphetamine,Benzatropine
4-Methoxyamphetamine,Brimonidine
4-Methoxyamphetamine,Bupropion
4-Methoxyamphetamine,Fluoxetine
4-Methoxyamphetamine,Milnacipran
4-Methoxyamphetamine,Phendimetrazine
4-Methoxyamphetamine,Tamsulosin
Acamprosate,Meprobamate
Aceprometazine,Imipramine
Acetylsalicylicacid,Valdecoxib
Agmatine,Brimonidine
Alcaftadine,Imipramine
Alimemazine,Imipramine
Amantadine,Cinnarizine
Amantadine,Orphenadrine
Amantadine,Rotigotine
Amantadine,Tenocyclidine
Amantadine,Zuclopenthixol
AminocaproicAcid,Conestatalfa
AminocaproicAcid,HumanC1-esteraseinhibitor
AminocaproicAcid,Ibuprofen
Armodafinil,Imipramine
Benzatropine,Cinnarizine
Benzatropine,Disopyramide
Benzatropine,Orphenadrine
Benzatropine,Zuclopenthixol
Brimonidine,Rotigotine
Brimonidine,Zuclopenthixol
Bromodiphenhydramine,Imipramine
Buclizine,Imipramine
Bupropion,Orphenadrine
Carbinoxamine,Imipramine
Carphenazine,Cinnarizine
Cefalotin,Cefepime
Cetirizine,Imipramine
Chloropyramine,Imipramine
Chlorpromazine,Clomipramine
Chlorpromazine,Escitalopram
Chlorpromazine,Oxymetazoline
Chlorpromazine,Xylometazoline
Chlorprothixene,Cinnarizine
Chlorprothixene,Cocaine
Cinnarizine,Esmirtazapine
Cinnarizine,Fluphenazine
Cinnarizine,Fluspirilene
Cinnarizine,Haloperidol
Cinnarizine,Perphenazine
Cinnarizine,Thiethylperazine
Cinnarizine,Thiothixene
Clomipramine,Promazine
Clomipramine,Risperidone
Cocaine,Flecainide
Cocaine,Fluoxetine
Cocaine,GallamineTriethiodide
Cocaine,Phendimetrazine
Cocaine,Propafenone
Cocaine,Rocuronium
Cocaine,Tapentadol
Cyclobenzaprine,Imipramine
Cycrimine,Imipramine
Cyproheptadine,Ergotamine
Cyproheptadine,Pramipexole
Cyproheptadine,Ropinirole
Debrisoquin,Imipramine
Dexpanthenol,Imipramine
Dicyclomine,Imipramine
Dimenhydrinate,Imipramine
Disopyramide,Dofetilide
Disopyramide,Fluoxetine
Disopyramide,GallamineTriethiodide
Disopyramide,Rocuronium
Disopyramide,Sotalol
Dofetilide,Quinidine
Dofetilide,Terfenadine
Dosulepin,Orphenadrine
Dosulepin,Zuclopenthixol
Doxazosin,Risperidone
Duloxetine,Orphenadrine
Eletriptan,Flibanserin
Emedastine,Imipramine
Ergotamine,Escitalopram
Escitalopram,Risperidone
Esmirtazapine,Orphenadrine
Esmirtazapine,Terfenadine
Esmirtazapine,Zuclopenthixol
Etodolac,Ibuprofen
Fencamfamine,Imipramine
Fexofenadine,Imipramine
Flecainide,Terfenadine
Flibanserin,Zuclopenthixol
Fluoxetine,Quinidine
Fluoxetine,Terfenadine
Fluspirilene,Rotigotine
Fluvoxamine,Imipramine
GallamineTriethiodide,Terfenadine
Ibuprofen,Omega-3fattyacids
Ibuprofen,Phenylbutazone
Ibuprofen,Valdecoxib
Imipramine,Indoramin
Imipramine,Levocetirizine
Imipramine,Loratadine
Imipramine,LysergicAcidDiethylamide
Imipramine,Methacholine
Imipramine,Oxyphenonium
Imipramine,Pheniramine
Imipramine,Pimavanserin
Imipramine,Pimozide
Imipramine,Prochlorperazine
Imipramine,Propantheline
Imipramine,Raclopride
Imipramine,Reboxetine
Imipramine,Ritanserin
Imipramine,Tetryzoline
Imipramine,Vernakalant
Imipramine,Vilazodone
Imipramine,Viloxazine
Meprobamate,Stiripentol
Milnacipran,Orphenadrine
Orphenadrine,Phendimetrazine
Orphenadrine,Tapentadol
Phendimetrazine,Zuclopenthixol
Phenylpropanolamine,Rotigotine
Phenylpropanolamine,Zuclopenthixol
Pramipexole,Tiapride
Promazine,Tiapride
Propafenone,Terfenadine
Quinidine,Sotalol
Risperidone,Terazosin
Rocuronium,Terfenadine
Ropinirole,Tiapride
Sotalol,Terfenadine
Tamsulosin,Zuclopenthixol
Tegaserod,Zuclopenthixol
Bromocriptine,Methamphetamine
Methamphetamine,Pergolide
Amitriptyline,Cariprazine
Amitriptyline,Doxazosin
Amitriptyline,Loperamide
Amitriptyline,Perospirone
Amitriptyline,Terazosin
Amitriptyline,Thioridazine
Amphetamine,Loxapine
Amoxapine,Ephedra
Droxidopa,Nefazodone
Disopyramide,Quetiapine
Ephedra,Ergotamine
Ephedra,Pramipexole
Ephedra,Risperidone
Ephedra,Ropinirole
Maprotiline,Pramipexole
Maprotiline,Ropinirole
Quetiapine,Quinidine
Aceprometazine,Asenapine
Aceprometazine,Nortriptyline
Acetophenazine,Amphetamine
Aclidinium,Molindone
Alcaftadine,Asenapine
Alcaftadine,Nortriptyline
Alimemazine,Asenapine
Alimemazine,Nortriptyline
Alprazolam,Oxazepam
AminosalicylicAcid,Celecoxib
Amiodarone,Clenbuterol
Amiodarone,Sertindole
Amisulpride,Memantine
Amisulpride,Nortriptyline
Amisulpride,Trifluoperazine
Amisulpride,Triflupromazine
Amphetamine,Buspirone
Amphetamine,Dexfenfluramine
Amphetamine,Droperidol
Amphetamine,Isocarboxazid
Amphetamine,Isometheptene
Amphetamine,Lisdexamfetamine
Amphetamine,Mesoridazine
Amphetamine,Minaprine
Amphetamine,Modafinil
Amphetamine,Paroxetine
Amphetamine,Quinagolide
Amphetamine,Rasagiline
Amphetamine,Selegiline
Amphetamine,Tetrahydropalmatine
Amphetamine,Tranylcypromine
Asenapine,Atenolol
Asenapine,Bromodiphenhydramine
Asenapine,Buclizine
Asenapine,Carbinoxamine
Asenapine,Cetirizine
Asenapine,Chloropyramine
Asenapine,Cimetidine
Asenapine,Cyclobenzaprine
Asenapine,Dimenhydrinate
Asenapine,Emedastine
Asenapine,Esmolol
Asenapine,Fexofenadine
Asenapine,Indacaterol
Asenapine,Indoramin
Asenapine,Levobetaxolol
Asenapine,Levocetirizine
Asenapine,Lofexidine
Asenapine,Loratadine
Asenapine,LysergicAcidDiethylamide
Asenapine,Naratriptan
Asenapine,Nizatidine
Asenapine,Olodaterol
Asenapine,Orciprenaline
Asenapine,Pheniramine
Asenapine,Phentolamine
Asenapine,Pimavanserin
Asenapine,Pimozide
Asenapine,Prochlorperazine
Asenapine,Raclopride
Asenapine,Ranitidine
Asenapine,Ritanserin
Asenapine,Roxatidineacetate
Asenapine,Sulpiride
Asenapine,Sumatriptan
Asenapine,Tetryzoline
Asenapine,Vilazodone
Astemizole,Bepridil
Astemizole,Ibutilide
Barbital,Progabide
Bepridil,Indapamide
Brexpiprazole,Naratriptan
Brexpiprazole,Penbutolol
Brexpiprazole,Phentolamine
Brexpiprazole,Pimozide
Brexpiprazole,Sulpiride
Brexpiprazole,Sumatriptan
Brexpiprazole,Tizanidine
Bromodiphenhydramine,Nortriptyline
Buclizine,Nortriptyline
Butethal,Progabide
Carbinoxamine,Nortriptyline
Ceftizoxime,Cephalexin
Ceftizoxime,Dicloxacillin
Ceftizoxime,Oxacillin
Cetirizine,Nortriptyline
Chlordiazepoxide,Oxazepam
Chloroprocaine,Ondansetron
Chloroprocaine,Succinylcholine
Chloropyramine,Nortriptyline
Citalopram,Dipivefrin
Citalopram,Hexocyclium
Citalopram,Molindone
Citalopram,Phentolamine
Citalopram,Procyclidine
Clenbuterol,Dipivefrin
Cyclobenzaprine,Nortriptyline
Cycrimine,Nortriptyline
Darifenacin,Molindone
Debrisoquin,Nortriptyline
Dexpanthenol,Nortriptyline
Dicyclomine,Nortriptyline
Diethylpropion,Dopamine
Dimenhydrinate,Nortriptyline
Dipivefrin,Fenoldopam
Dipivefrin,Flupentixol
Dipivefrin,Trifluoperazine
Dopamine,Droperidol
Dopamine,Lisdexamfetamine
Dopamine,Mesoridazine
Dopamine,Minaprine
Dopamine,Modafinil
Dopamine,Phenmetrazine
Dopamine,Sertraline
Dopamine,Sibutramine
Dopamine,Tetrabenazine
Drotaverine,Ibutilide
Drotaverine,Nimodipine
Emedastine,Nortriptyline
Ethanol,Memantine
Ethanol,Methadone
Ethchlorvynol,Oxazepam
Etorphine,Menthol
Fenoldopam,Phentolamine
Fexofenadine,Nortriptyline
Flupentixol,Hexocyclium
Flupentixol,Phentolamine
Flupentixol,Pimozide
Flupentixol,Procyclidine
Flupentixol,Sulpiride
Fluvoxamine,Nortriptyline
Gabapentin,Nisoldipine
Halothane,Memantine
Indoramin,Nortriptyline
Levocetirizine,Nortriptyline
Loratadine,Nortriptyline
Lurasidone,Naratriptan
Lurasidone,Penbutolol
Lurasidone,Pimozide
Lurasidone,Sulpiride
Lurasidone,Sumatriptan
Lurasidone,Tizanidine
LysergicAcidDiethylamide,Nortriptyline
Memantine,Molindone
Memantine,Pimozide
Memantine,Sulpiride
Methacholine,Nortriptyline
Molindone,Ondansetron
Molindone,Succinylcholine
Molindone,Tolterodine
Molindone,Trifluoperazine
Molindone,Trihexyphenidyl
Molindone,Umeclidinium
Naltrexone,Ondansetron
Nimodipine,Omeprazole
Nortriptyline,Oxyphenonium
Nortriptyline,Pheniramine
Nortriptyline,Pimavanserin
Nortriptyline,Prochlorperazine
Nortriptyline,Propantheline
Nortriptyline,Raclopride
Nortriptyline,Reboxetine
Nortriptyline,Ritanserin
Nortriptyline,Tetryzoline
Nortriptyline,Vilazodone
Nortriptyline,Viloxazine
Oxazepam,Piperazine
Oxazepam,Zaleplon
Phentolamine,Trifluoperazine
Pimozide,Triflupromazine
Sertindole,Sulpiride
Sertindole,Vernakalant
Sulpiride,Trifluoperazine
Sulpiride,Triflupromazine
Doxepin,MMDA
Estazolam,Secobarbital
Estazolam,Thiopental
Secobarbital,Triazolam
Thiopental,Triazolam
Acepromazine,Maprotiline
Benzatropine,Quetiapine
Clomipramine,Ephedra
Ephedra,Trazodone
Fluphenazine,Quetiapine
Fluspirilene,Quetiapine
Maprotiline,Thioridazine
Maprotiline,Trazodone
Perphenazine,Quetiapine
Phendimetrazine,Quetiapine
Quetiapine,Rizatriptan
Quetiapine,Rocuronium
Quetiapine,Tegaserod
Amoxapine,Cinnarizine
Aripiprazole,Disopyramide
4-Methoxyamphetamine,Epinephrine
Cinnarizine,Iloperidone
Eletriptan,Iloperidone
Eletriptan,Paliperidone
Epinephrine,Zuclopenthixol
Methamphetamine,Phenelzine
Aceprometazine,Methotrimeprazine
Aceprometazine,Mirtazapine
Alcaftadine,Methotrimeprazine
Alcaftadine,Mirtazapine
Alimemazine,Methotrimeprazine
Alimemazine,Mirtazapine
Alosetron,Mirtazapine
Alprazolam,Diazepam
Alprazolam,Temazepam
Armodafinil,Mirtazapine
Atenolol,Mirtazapine
Bromazepam,Piperazine
Bromazepam,Zaleplon
Bromodiphenhydramine,Methotrimeprazine
Bromodiphenhydramine,Mirtazapine
Buclizine,Methotrimeprazine
Buclizine,Mirtazapine
Carbinoxamine,Methotrimeprazine
Carbinoxamine,Mirtazapine
Cetirizine,Methotrimeprazine
Cetirizine,Mirtazapine
Chlordiazepoxide,Diazepam
Chlordiazepoxide,Temazepam
Chlormezanone,Diazepam
Chlormezanone,Temazepam
Chloropyramine,Methotrimeprazine
Chloropyramine,Mirtazapine
Cyclobenzaprine,Methotrimeprazine
Cyclobenzaprine,Mirtazapine
Cycrimine,Methotrimeprazine
Debrisoquin,Mirtazapine
Dexpanthenol,Methotrimeprazine
Diazepam,Ethchlorvynol
Diazepam,Piperazine
Diazepam,Zaleplon
Dicyclomine,Methotrimeprazine
Dimenhydrinate,Methotrimeprazine
Dimenhydrinate,Mirtazapine
Dipivefrin,Methotrimeprazine
Dipivefrin,Mirtazapine
Dolasetron,Mirtazapine
Emedastine,Methotrimeprazine
Emedastine,Mirtazapine
Esmolol,Mirtazapine
Ethchlorvynol,Temazepam
Fencamfamine,Mirtazapine
Fexofenadine,Methotrimeprazine
Fexofenadine,Mirtazapine
Flurazepam,Piperazine
Flurazepam,Zaleplon
Fluvoxamine,Mirtazapine
Granisetron,Mirtazapine
Indoramin,Methotrimeprazine
Indoramin,Mirtazapine
Levobetaxolol,Mirtazapine
Levocetirizine,Methotrimeprazine
Levocetirizine,Mirtazapine
Lofexidine,Methotrimeprazine
Lofexidine,Mirtazapine
Loratadine,Methotrimeprazine
Loratadine,Mirtazapine
Methacholine,Methotrimeprazine
Methotrimeprazine,Oxyphenonium
Methotrimeprazine,Pheniramine
Methotrimeprazine,Pimavanserin
Methotrimeprazine,Pimozide
Methotrimeprazine,Prochlorperazine
Methotrimeprazine,Propantheline
Methotrimeprazine,Raclopride
Methotrimeprazine,Ritanserin
Methotrimeprazine,Sulpiride
Methotrimeprazine,Tetryzoline
Mirtazapine,Molindone
Mirtazapine,Palonosetron
Mirtazapine,Pheniramine
Mirtazapine,Phentolamine
Mirtazapine,Pimavanserin
Mirtazapine,Pimozide
Mirtazapine,Prochlorperazine
Mirtazapine,Raclopride
Mirtazapine,Reboxetine
Mirtazapine,Ritanserin
Mirtazapine,Sulpiride
Mirtazapine,Tetryzoline
Mirtazapine,Tizanidine
Mirtazapine,Tropisetron
Mirtazapine,Viloxazine
Piperazine,Temazepam
Temazepam,Zaleplon
Amphetamine,Desipramine
Amoxapine,Bupropion
Amoxapine,Carphenazine
Amoxapine,Esmirtazapine
Amoxapine,Fluoxetine
Amoxapine,Fluphenazine
Amoxapine,Fluspirilene
Amoxapine,Milnacipran
Amoxapine,Perphenazine
Amoxapine,Phendimetrazine
Amoxapine,Tegaserod
Aripiprazole,Benzatropine
Aripiprazole,Fluphenazine
Aripiprazole,Fluspirilene
Aripiprazole,Perphenazine
Aripiprazole,Phendimetrazine
Aripiprazole,Rizatriptan
Aripiprazole,Rocuronium
Aripiprazole,Tamsulosin
Aripiprazole,Tegaserod
Chlorpromazine,Dosulepin
Chlorprothixene,Ergotamine
Dosulepin,Ergotamine
Dosulepin,Risperidone
Amitriptyline,Dextromethorphan
Loxapine,Tramadol
Imipramine,Pramipexole
Imipramine,Ropinirole
Loxapine,Ondansetron
Loxapine,Phentermine
Loxapine,Succinylcholine
Bromocriptine,Desipramine
Desipramine,Pergolide
Acamprosate,Eszopiclone
Acepromazine,Amantadine
Acepromazine,Dosulepin
Acepromazine,Phenylpropanolamine
Acepromazine,Tegaserod
Aceprometazine,Mianserin
Aceprometazine,Trimipramine
Adapalene,Etodolac
Agomelatine,Clomipramine
Agomelatine,Cyproheptadine
Agomelatine,Trazodone
Alcaftadine,Mianserin
Alcaftadine,Trimipramine
Alimemazine,Mianserin
Alimemazine,Trimipramine
Alosetron,Trimipramine
Amantadine,Cariprazine
Amantadine,Perospirone
Amantadine,Thioridazine
Amantadine,Tiapride
Amdinocillin,Cefdinir
Aminophylline,Pentoxifylline
Amisulpride,Trimipramine
Armodafinil,Mianserin
Armodafinil,Trimipramine
Astemizole,Nefazodone
Atropine,Benzatropine
Atropine,GallamineTriethiodide
Atropine,Rocuronium
Benzatropine,Cariprazine
Benzatropine,Perospirone
Benzatropine,Tiapride
Benzatropine,Trazodone
Brimonidine,Trazodone
Bromodiphenhydramine,Mianserin
Bromodiphenhydramine,Trimipramine
Buclizine,Mianserin
Buclizine,Trimipramine
Bupropion,Clomipramine
Buspirone,Nefazodone
Carbinoxamine,Mianserin
Carbinoxamine,Trimipramine
Cariprazine,Carphenazine
Cariprazine,Esmirtazapine
Cariprazine,Fluphenazine
Cariprazine,Perphenazine
Cariprazine,Tegaserod
Cariprazine,Thiethylperazine
Carphenazine,Perospirone
Carphenazine,Tiapride
Cefazolin,Cefdinir
Cefdinir,Ertapenem
Cefdinir,Melatonin
Cetirizine,Mianserin
Cetirizine,Trimipramine
Cevimeline,Tramadol
Chloropyramine,Mianserin
Chloropyramine,Trimipramine
Chlorprothixene,Escitalopram
Chlorprothixene,Trazodone
Clomipramine,Flibanserin
Clomipramine,Fluspirilene
Clomipramine,Phendimetrazine
Clomipramine,Tapentadol
Clomipramine,Thiothixene
Clorazepate,Flunitrazepam
Cyclobenzaprine,Mianserin
Cyclobenzaprine,Trimipramine
Cyproheptadine,Esmirtazapine
Cyproheptadine,Flibanserin
Cyproheptadine,Fluoxetine
Cyproheptadine,Fluspirilene
Cyproheptadine,GallamineTriethiodide
Cyproheptadine,Lisuride
Cyproheptadine,Rocuronium
Cyproheptadine,Thiothixene
Danazol,Lasofoxifene
Danazol,Mitotane
Danazol,Tamoxifen
Dapiprazole,Droxidopa
Dapiprazole,Nefazodone
Debrisoquin,Mianserin
Debrisoquin,Trimipramine
Deramciclane,Nefazodone
Deramciclane,Tramadol
Diethylpropion,Tramadol
Dimenhydrinate,Mianserin
Dimenhydrinate,Trimipramine
Dipivefrin,Trimipramine
Dofetilide,Doxazosin
Dofetilide,Terazosin
Dofetilide,Thioridazine
Dolasetron,Trimipramine
Doxazosin,Flecainide
Doxazosin,Fluoxetine
Doxazosin,Propafenone
Doxazosin,Sotalol
Droperidol,Droxidopa
Droperidol,Nefazodone
Droxidopa,Isometheptene
Droxidopa,Moxonidine
Droxidopa,Trimipramine
Duloxetine,Trazodone
Emedastine,Mianserin
Emedastine,Trimipramine
Escitalopram,Esmirtazapine
Escitalopram,Fluoxetine
Escitalopram,Oxyphencyclimine
Escitalopram,Tamsulosin
Escitalopram,Tapentadol
Escitalopram,Tiotropium
Escitalopram,Tridihexethyl
Esmirtazapine,Perospirone
Esmirtazapine,Trazodone
Eszopiclone,Stiripentol
Ethopropazine,Tramadol
Felbamate,Tramadol
Fencamfamine,Mianserin
Fencamfamine,Trimipramine
Fexofenadine,Mianserin
Fexofenadine,Trimipramine
Flecainide,Terazosin
Flecainide,Thioridazine
Flibanserin,Thioridazine
Flibanserin,Trazodone
Flunitrazepam,Fospropofol
Flunitrazepam,Ivermectin
Flunitrazepam,Lorazepam
Flunitrazepam,Progabide
Fluoxetine,Terazosin
Fluoxetine,Thioridazine
Fluphenazine,Loperamide
Fluphenazine,Melatonin
Fluphenazine,Perospirone
Fluphenazine,Tiapride
Fluspirilene,Tiapride
Fluvoxamine,Mianserin
Fluvoxamine,Trimipramine
Galliumnitrate,Zoledronicacid
Granisetron,Trimipramine
Guanfacine,Nefazodone
Haloperidol,Perospirone
Heparin,Nafamostat
Indoramin,Trimipramine
Isometheptene,Nefazodone
Isopropamide,Tramadol
Lasofoxifene,Melatonin
Levocetirizine,Mianserin
Levocetirizine,Trimipramine
LevomethadylAcetate,Loperamide
Lisuride,Thioridazine
Lisuride,Tiapride
Lofexidine,Trimipramine
Loperamide,Perphenazine
Loperamide,Trimebutine
Loratadine,Mianserin
Loratadine,Trimipramine
LysergicAcidDiethylamide,Mianserin
LysergicAcidDiethylamide,Trimipramine
Melatonin,Mitotane
Melatonin,Perphenazine
Melatonin,Tamoxifen
Mesalazine,Omega-3fattyacids
Mesalazine,Valdecoxib
Mianserin,Naratriptan
Mianserin,Pheniramine
Mianserin,Pimavanserin
Mianserin,Pimozide
Mianserin,Prochlorperazine
Mianserin,Raclopride
Mianserin,Reboxetine
Mianserin,Ritanserin
Mianserin,Sulpiride
Mianserin,Sumatriptan
Mianserin,Tizanidine
Mianserin,Tramadol
Mianserin,Vilazodone
Mianserin,Viloxazine
Milnacipran,Trazodone
Minaprine,Nefazodone
Minaprine,Tramadol
MMDA,Tramadol
Moxonidine,Nefazodone
Naratriptan,Trimipramine
Nefazodone,Paroxetine
Nitrazepam,Piperazine
Nitrazepam,Zaleplon
Omega-3fattyacids,Troglitazone
Oxiconazole,Phenobarbital
Oxymetazoline,Verapamil
Palonosetron,Trimipramine
Pentoxifylline,Sildenafil
Perospirone,Perphenazine
Perospirone,Tegaserod
Perphenazine,Tiapride
Pethidine,Tramadol
Phendimetrazine,Trazodone
Pheniramine,Trimipramine
Phenmetrazine,Tramadol
Phenobarbital,Rifampicin
Phenylpropanolamine,Thioridazine
Pimavanserin,Trimipramine
Prochlorperazine,Trimipramine
Propafenone,Terazosin
Propafenone,Thioridazine
Raclopride,Trimipramine
Reboxetine,Trimipramine
Ritanserin,Trimipramine
Sertraline,Tramadol
Sibutramine,Tramadol
Sotalol,Terazosin
Sotalol,Thioridazine
Sumatriptan,Trimipramine
Tamsulosin,Trazodone
Tegaserod,Thioridazine
Tegaserod,Trazodone
Tetryzoline,Trimipramine
Thiethylperazine,Tiapride
Thioridazine,Verapamil
Thiothixene,Tiapride
Tizanidine,Trimipramine
Tramadol,Trimipramine
Trimipramine,Tropisetron
Trimipramine,Vilazodone
Trimipramine,Viloxazine
Verapamil,Xylometazoline
Clozapine,Disopyramide
Clozapine,Eletriptan
Disopyramide,Ziprasidone
Barbital,Estazolam
Barbital,Triazolam
Butethal,Estazolam
Butethal,Triazolam
Ibutilide,Miconazole
MMDA,Nortriptyline
Bepridil,Isradipine
Chlorpromazine,Fenoldopam
Chlorpromazine,Trifluoperazine
Chlorpromazine,Triflupromazine
Citalopram,Ergotamine
Dasatinib,Sorafenib
Dopamine,Eletriptan
Ergotamine,Fenoldopam
Ergotamine,Ondansetron
Ergotamine,Remoxipride
Ergotamine,Trifluoperazine
Ibutilide,Isradipine
Lurasidone,Promazine
Nortriptyline,Pramipexole
Nortriptyline,Ropinirole
Ondansetron,Pramipexole
Ondansetron,Ropinirole
Promazine,Trifluoperazine
Risperidone,Trifluoperazine
Risperidone,Triflupromazine
Doxazosin,Quetiapine
Ephedra,Lisuride
Escitalopram,Quetiapine
Lisuride,Maprotiline
Quetiapine,Terazosin
Quetiapine,Tiapride
Benzatropine,Clozapine
Benzatropine,Ziprasidone
Carphenazine,Clozapine
Clozapine,Fluphenazine
Clozapine,Fluspirilene
Clozapine,Perphenazine
Clozapine,Phendimetrazine
Clozapine,Tamsulosin
Clozapine,Tegaserod
Fluphenazine,Ziprasidone
Fluspirilene,Ziprasidone
Perphenazine,Ziprasidone
Phendimetrazine,Ziprasidone
Rizatriptan,Ziprasidone
Tamsulosin,Ziprasidone
Tegaserod,Ziprasidone
Amitriptyline,Brexpiprazole
Amitriptyline,Etorphine
Amitriptyline,Flupentixol
Amitriptyline,Lurasidone
Amitriptyline,Ondansetron
Amitriptyline,Sertindole
Amitriptyline,Succinylcholine
Amoxapine,Methamphetamine
4-Methoxyamphetamine,Doxepin
Disopyramide,Doxepin
Doxepin,Quinidine
Doxepin,Rotigotine
Epinephrine,Pramipexole
Epinephrine,Promazine
Epinephrine,Ropinirole
Ergotamine,Methamphetamine
Methamphetamine,Pramipexole
Methamphetamine,Risperidone
Methamphetamine,Ropinirole
Promazine,Yohimbine
Aceprometazine,Desipramine
Alcaftadine,Desipramine
Alimemazine,Desipramine
Amisulpride,Desipramine
Atenolol,Desipramine
Bromocriptine,Cyclobenzaprine
Bromocriptine,Dipivefrin
Bromocriptine,Indoramin
Bromocriptine,Lofexidine
Bromocriptine,LysergicAcidDiethylamide
Bromocriptine,Penbutolol
Bromocriptine,Pimavanserin
Bromocriptine,Pimozide
Bromocriptine,Prochlorperazine
Bromocriptine,Raclopride
Bromocriptine,Ritanserin
Bromocriptine,Sulpiride
Bromocriptine,Tetryzoline
Bromocriptine,Vilazodone
Bromodiphenhydramine,Desipramine
Buclizine,Desipramine
Carbinoxamine,Desipramine
Cetirizine,Desipramine
Chloropyramine,Desipramine
Cyclobenzaprine,Desipramine
Cyclobenzaprine,Pergolide
Cycrimine,Desipramine
Debrisoquin,Desipramine
Desipramine,Dexpanthenol
Desipramine,Dicyclomine
Desipramine,Dimenhydrinate
Desipramine,Emedastine
Desipramine,Esmolol
Desipramine,Fexofenadine
Desipramine,Fluvoxamine
Desipramine,Indacaterol
Desipramine,Levobetaxolol
Desipramine,Levocetirizine
Desipramine,Loratadine
Desipramine,LysergicAcidDiethylamide
Desipramine,Methacholine
Desipramine,Olodaterol
Desipramine,Orciprenaline
Desipramine,Oxyphenonium
Desipramine,Pheniramine
Desipramine,Pimavanserin
Desipramine,Prochlorperazine
Desipramine,Propantheline
Desipramine,Raclopride
Desipramine,Reboxetine
Desipramine,Ritanserin
Desipramine,Vilazodone
Desipramine,Viloxazine
Dipivefrin,Pergolide
Indoramin,Pergolide
Lofexidine,Pergolide
LysergicAcidDiethylamide,Pergolide
Midazolam,Piperazine
Midazolam,Zaleplon
Penbutolol,Pergolide
Pergolide,Pimavanserin
Pergolide,Pimozide
Pergolide,Prochlorperazine
Pergolide,Raclopride
Pergolide,Ritanserin
Pergolide,Sulpiride
Pergolide,Tetryzoline
Pergolide,Vilazodone
Mirtazapine,Paroxetine
Aripiprazole,Escitalopram
Aripiprazole,Tiapride
Acepromazine,Epinephrine
Acetophenazine,Loxapine
Almotriptan,Loxapine
Atomoxetine,Loxapine
Benzatropine,Doxepin
Buspirone,Loxapine
Cevimeline,Loxapine
Clomipramine,Methamphetamine
Clomipramine,Paliperidone
Clomipramine,Yohimbine
Cyproheptadine,Iloperidone
Cyproheptadine,Yohimbine
Deramciclane,Loxapine
Desvenlafaxine,Loxapine
Dexfenfluramine,Loxapine
Diethylpropion,Loxapine
Dimetindene,Loxapine
Diphenhydramine,Loxapine
Doxepin,Duloxetine
Doxepin,Flibanserin
Doxepin,Fluoxetine
Doxepin,Fluspirilene
Doxepin,Milnacipran
Doxepin,Tegaserod
Doxepin,Thiothixene
Doxylamine,Loxapine
Droperidol,Loxapine
Epinephrine,Thioridazine
Epinephrine,Trazodone
Escitalopram,Iloperidone
Flavoxate,Loxapine
Frovatriptan,Loxapine
Guanfacine,Loxapine
Iloperidone,Oxymetazoline
Iloperidone,Xylometazoline
Isopropamide,Loxapine
Levomilnacipran,Loxapine
Lisdexamfetamine,Loxapine
Loxapine,Mesoridazine
Loxapine,MMDA
Loxapine,Modafinil
Loxapine,Naphazoline
Loxapine,Phenmetrazine
Loxapine,Protriptyline
Loxapine,Quinagolide
Loxapine,Sertraline
Loxapine,Sibutramine
Loxapine,Tetrahydropalmatine
Loxapine,Venlafaxine
Methamphetamine,Trazodone
Nicotine,Phenobarbital
Paliperidone,Tiapride
Thioridazine,Yohimbine
Tiapride,Yohimbine
4-Methoxyamphetamine,Imipramine
Brexpiprazole,Maprotiline
Maprotiline,Remoxipride
Pentobarbital,Varenicline
